m/z	retention_time	p-value	t-score	custom_id
885.54802	16.302	1	0.5493028306333333	N1
804.5751	19.724	1	0.24524692333333334	N2
883.53182	15.792	1	0.32401044419999997	N3
802.55911	18.807	1	0.8642755017333333	N4
762.50662	17.058	1	0.10200039575	N5
826.55882	18.392	1	-0.46111435995000005	N6
747.5652	16.792	1	-0.6233193912666666	N7
540.33037	10.662	1	0.04118867555	N8
850.55826	18.167	1	0.25854380116666664	N9
500.27797	9.825	1	0.3660423989166666	N10
819.51703	16.348	1	-0.08625371361666666	N11
828.57385	19.224	0	1.30774202835	N12
568.36144	11.98	1	0.6790769692999999	N13
887.56249	17.004	0	1.553468027683333	N14
773.53171	17.523	1	0.11502816006666662	N15
764.52207	17.408	0	1.3764663202833334	N16
465.30387	13.098	1	0.08514221525000011	N17
738.50735	17.228	0	1.2522757972666667	N18
566.34622	10.886	1	0.7536605361166667	N19
854.58935	20.033	1	0.02798693991666669	N20
857.51657	15.592	1	0.049144642116666686	N21
856.60557	21.713	1	1.14643098355	N22
480.3093	10.665	1	0.23060740109999997	N23
480.30913	11.502	1	0.57300790675	N24
524.2777	9.895	1	0.16658076386666662	N25
311.1685	9.113	1	0.3990331719	N26
766.53811	18.281	0	1.4616515661333334	N27
514.28391	6.249	1	-0.3250494195	N28
325.18407	9.794	1	0.3614640923666667	N29
452.27793	10.317	1	-0.12542349321666665	N30
852.57342	18.599	1	-0.043368389333333285	N31
776.54354	18.335	1	1.1943235062666666	N32
788.52134	17.266	1	0.07022273239999999	N33
859.53205	16.114	1	1.1641421653833333	N34
771.51653	16.826	1	-0.06822354573333334	N35
953.53476	16.285	1	0.5519741597666666	N36
339.1997	10.45	1	0.3338427030833333	N37
747.51686	17.74	1	0.43914237436666664	N38
810.52722	17.947	1	0.5193853408166667	N39
865.50078	15.758	1	-0.41521472201666676	N40
599.3192	10.812	1	0.4260471813833335	N41
800.54367	18.044	1	-0.019242358533333354	N42
782.49663	16.731	1	0.30738372290000004	N43
588.33005	10.104	1	0.30865778108333336	N44
795.51673	16.512	1	-0.01476055705000003	N45
745.50158	16.495	1	0.4767746095333334	N46
740.52112	17.584	1	0.6101243852166667	N47
619.28792	9.223	1	0.4785695402833333	N48
478.29404	10.637	1	0.7781241694000001	N49
265.14805	8.045	1	-0.49109121801666666	N50
861.54689	16.201	0	1.2872940382333333	N51
872.5609	19.757	1	-0.4019122982833333	N52
612.3297	10.164	1	0.49391573953333334	N53
566.34542	11.731	1	-0.7176732485499999	N54
564.33018	10.071	1	0.9441035817499999	N56
817.50131	16.074	1	-0.4182634701833333	N57
714.50712	17.386	1	0.7085390084166667	N58
790.53785	18.096	1	0.4116263928333333	N59
834.54945	16.412	1	-0.6832451651	N60
890.53855	14.881	1	-1.1916481168833335	N63
836.56405	16.68	1	-0.6951637929166666	N64
528.30945	10.756	1	0.21965528856666672	N65
824.54279	17.941	1	0.20041913888333335	N66
716.52249	18.123	1	0.5263000953666667	N67
508.34047	11.982	1	0.6585963185999999	N68
806.49639	16.606	1	0.6311718998333333	N69
638.36648	11.496	1	-0.8484121902333333	N70
876.57306	18.305	1	0.7010740195333333	N71
514.28391	5.244	1	0.20891360748333335	N72
760.49102	16.23	1	0.0982538212833333	N73
858.55083	16.363	1	-0.8121929080333334	N74
736.4915	16.342	1	0.8757774049	N75
526.29353	10.275	1	0.15383796560000004	N76
981.51665	12.711	1	-0.5461585085833331	N77
821.53169	16.916	1	0.2596597126833334	N78
871.53153	16.031	1	0.12609794560000007	N79
506.32504	10.912	1	0.70126412755	N80
873.5485	16.597	1	1.1328387524833334	N82
697.35547	11.394	1	-0.46299586316666663	N84
588.46572	15.306	1	-0.11862764298333343	N85
878.58922	19.408	0	1.2369303103833333	N86
778.56007	19.583	1	-0.1960864420833333	N87
509.28798	10.355	1	0.07260861954999998	N88
624.35095	11.27	1	-0.6691905649833334	N89
834.52598	17.909	1	0.9643275624166667	N90
797.53167	17.057	1	0.3130017170333333	N91
536.29912	10.883	1	-0.8517588544333334	N93
914.53851	15.131	1	-0.8930436263999999	N94
524.29884	11.244	1	0.5642670356999999	N95
498.28921	7.167	1	-0.18669639308333333	N96
793.50131	16.16	1	-0.23638668173333327	N97
574.44997	14.716	1	-0.5595389942833334	N98
909.5458	16.191	1	0.5720434828000001	N99
719.48601	16.522	1	0.5063316010666666	N100
791.48559	15.7	1	-0.2722079316166667	N101
578.34563	12.204	1	-0.19896448995	N102
908.54916	13.253	0	-1.3073689264	N103
815.55185	16.788	1	-0.6633813195666667	N105
951.51885	15.806	1	0.34559024250000003	N106
592.3249	10.888	1	-1.1653774129499999	N107
281.24834	12.466	1	0.7490446829	N108
621.30343	9.827	1	1.0896909281833334	N109
664.38208	11.865	1	-0.6509032024333333	N110
790.56026	19.176	1	0.08074248935000002	N111
870.54506	18.795	1	0.7316994473666667	N112
917.53666	14.994	1	-0.45005643868333345	N113
830.49343	17.067	1	0.046071472449999956	N114
608.35584	11.028	1	-0.6144956149999999	N115
544.26725	9.544	1	0.6981065217666667	N116
860.5656	16.651	1	-0.5432412018	N117
610.33516	10.456	1	-0.76179781145	N118
1015.5059	16.285	1	0.5182501439	N119
733.54941	16.24	1	-0.5426737849666666	N120
568.26593	9.757	1	0.4163951693	N121
835.53252	16.144	0	1.2393784683	N122
594.34025	11.008	1	-0.5406335695	N123
862.57969	17.631	1	-0.1594027964333333	N124
769.50127	16.323	1	0.13657703566666662	N125
590.34563	10.667	1	0.99732067935	N126
407.28015	7.557	1	0.20233367998333335	N127
894.54504	18.379	1	-0.5511620843	N128
295.2278	9.254	1	-0.6933928401499999	N129
742.53835	18.497	0	1.7294807659500002	N131
502.2936	10.389	1	0.5676764199833333	N132
632.35573	11.286	1	-0.9389919088666665	N133
736.51747	14.061	1	0.2229553626166667	N134
327.23265	11.673	1	0.2547222471666667	N136
967.53687	12.906	1	-0.9331935316666667	N137
782.49397	17.37	1	0.9020262638666665	N138
889.57676	17.812	1	1.1456052058666668	N139
768.55414	18.897	1	1.0190970191166666	N140
778.50145	15.93	1	-1.0240377594833334	N141
848.52731	13.649	1	-0.3788402835666667	N142
582.50956	17.101	1	0.24215241031666673	N143
794.54687	19.754	1	0.23454150349999994	N144
918.5452	18.156	1	0.3171319307166667	N145
874.5578	17.79	1	0.42324350413333334	N146
562.31447	11.253	1	-0.9883862681666667	N147
548.29641	11.503	1	0.6916171814833334	N148
608.31796	10.703	1	-0.05051969738333334	N150
407.28007	6.809	1	0.5782622785833332	N152
833.51606	15.621	1	-0.06652981941666669	N153
848.54243	17.471	1	0.3453847857	N154
680.3769	11.097	1	-0.85166618765	N155
1035.66291	10.672	1	-0.3286218964333333	N156
841.5011	15.857	1	0.035088519900000004	N157
538.31465	9.64	1	0.8042825979999999	N158
843.51764	16.143	1	-0.20919327206666666	N159
594.34045	11.842	1	-0.4678600620666667	N160
867.51638	16.142	1	-0.14826557504999988	N161
794.49637	15.169	1	-1.2126383313333333	N163
911.56119	16.709	1	0.8871021364166667	N164
309.17429	8.749	1	0.11146781078333334	N165
552.29283	10.658	1	-0.6207929920499999	N166
712.49153	16.473	1	0.13463756514999992	N167
918.57054	15.865	0	-1.33250671705	N168
303.23272	11.671	1	0.13519909071666666	N169
922.52928	13.222	0	-1.2785690328666668	N170
818.55351	17.205	1	-0.00014796304999997734	N171
862.50711	13.502	1	-0.36751534648333334	N172
576.3298	11.38	1	-0.3724321155166667	N173
446.3761	15.372	1	0.7141166094333333	N174
453.28563	6.921	1	0.6125161127000001	N175
753.38124	11.273	1	-0.7157377437166668	N176
745.54836	15.997	1	-0.87621769145	N177
743.48564	16.165	1	0.015810343366666674	N178
642.36104	11.236	1	-0.8450982098	N179
592.2649	9.9	1	0.11022611135	N180
666.39779	12.736	1	-0.5563330767166665	N182
533.29103	13.097	1	0.40587073116666667	N183
896.56107	19.229	0	1.46934352645	N184
650.3664	10.791	1	-0.36061641838333336	N185
713.35048	11.11	1	-0.3828256183000001	N186
636.3491	11.988	1	0.8724683446166668	N187
842.55345	16.87	1	-0.15168387769999997	N188
528.30908	10.103	1	0.2984858358833334	N189
820.56892	17.902	1	-0.7386028782499999	N190
901.54118	15.663	1	-0.6580997926833333	N191
694.39244	11.214	1	-0.7880583729166666	N192
832.50901	17.332	0	1.5038864438	N193
353.20011	9.077	1	-0.1898200195333333	N194
564.33065	12.016	1	-0.6851218506833333	N195
520.26506	10.318	1	-0.05515878211666672	N196
580.32472	11.297	1	-1.1859852004166667	N197
652.38168	11.629	1	-0.6685064515666667	N198
692.61904	19.913	1	-0.5459962186666667	N199
872.52764	14.163	1	-0.5701531915333333	N201
892.55301	14.834	1	-0.15396749316666664	N202
690.39752	12.335	1	-0.5824425511166667	N203
613.51467	17.622	0	1.7194680752166667	N204
882.55019	16.231	1	-1.0921963080000001	N205
295.22774	10.059	1	0.3430522842666667	N207
526.31435	10.007	1	0.2226277180500001	N208
744.56205	15.87	1	0.14582816809999996	N209
605.40501	14.41	1	0.37280573773333325	N210
780.51635	16.149	1	-0.7188617930333332	N211
816.57435	19.46	0	1.6420380131333332	N212
411.20601	12.466	1	1.0503873831000001	N213
841.51892	17.552	1	-0.14177460348333334	N214
698.38763	10.748	1	-0.5594308798833334	N215
650.36646	11.791	1	-0.8186829646333332	N216
550.31489	11.09	1	-0.26983188213333337	N217
840.5732	19.144	1	-0.2451946298333333	N218
806.49324	17.237	0	1.3613760187833333	N219
965.52081	12.918	1	-0.9218011311333333	N220
818.51847	15.726	1	-1.1095612417833332	N221
504.3093	10.069	1	0.9552936048	N222
602.34539	11.782	1	-0.8131801964166667	N223
476.27801	9.806	1	0.5649449898	N224
554.30975	10.887	1	-0.7837889134	N225
924.59356	21.685	1	1.1220807888166666	N226
752.52191	17.764	1	0.7057495895333333	N227
832.53358	15.68	1	-0.7050359442	N228
634.37147	12	1	-0.55723903845	N229
720.408	11.614	1	-0.7818697536666668	N230
814.52138	13.959	1	-0.7725874331666667	N231
812.50656	14.413	1	0.08771879641666663	N233
582.27119	6.25	1	-0.6486286096166667	N234
796.51178	15.655	1	-0.8314807777166666	N235
508.35533	13.17	1	-0.2384750232666667	N236
303.23285	9.833	1	0.34240916131666665	N238
636.38697	12.193	1	-0.37507959075	N239
925.50344	15.589	1	0.05828389763333336	N240
922.57729	20.096	1	0.13775683800000002	N241
816.53868	16.604	1	-0.4131358982000001	N242
869.55384	16.109	1	0.24575905823333338	N243
554.34563	11.317	1	0.086972948	N244
808.50798	17.224	1	1.1031382015833333	N245
530.32453	11.409	1	0.16337372776666664	N246
620.35588	11.898	1	-1.1683112455666667	N247
852.55895	13.202	1	0.0880109752666667	N248
969.55124	13.462	1	-0.1344043826833333	N249
1021.52292	16.312	1	0.8237212304499999	N250
820.49645	12.745	1	-0.6362228797166667	N251
213.1134	0.87	1	0.4123963417166666	N253
805.52162	15.42	1	-0.7401771696499999	N254
723.37069	11.764	1	-0.7486442833500002	N255
668.37705	11.622	1	-0.8294821383333333	N258
955.55039	16.997	0	1.6418818311999999	N259
688.49155	16.998	1	0.9897262196833334	N261
604.36109	12.612	1	-0.5562321602000001	N262
842.51577	15.796	1	-0.8629290322333333	N263
634.33357	10.882	1	0.9487013373333333	N264
764.54862	15.043	1	0.46507009928333337	N265
687.54522	16.789	1	-0.5860620349833333	N266
832.60786	24.739	1	0.42379569286666674	N267
901.54194	14.928	1	0.23615986311666656	N268
756.48055	14.698	1	-0.30496243129999995	N270
772.51086	15.445	1	-0.11534229170000011	N271
798.52743	16.172	1	-1.06839621555	N272
802.48636	14.326	1	-0.49554848329999995	N274
722.51153	17.541	1	0.3570389982	N276
866.55359	16.532	1	-0.7421336454499998	N277
582.33982	12.003	1	-0.70883166275	N278
771.3918	10.966	1	-0.38122224978333336	N280
634.37122	11.317	1	-0.5289504157333333	N281
845.53245	16.551	1	0.37524707408333335	N283
618.47599	14.768	1	-0.31556749675000006	N284
812.54092	18.608	1	0.4708736029333333	N286
931.51613	14.384	1	-0.17683101189999995	N287
834.54873	15.187	1	-0.3602464716499999	N288
618.3403	11.131	1	-1.1664476497333331	N290
293.17935	9.537	1	-0.18808777393333326	N291
552.30942	10.166	1	0.48455314871666666	N293
715.36611	11.393	1	-0.06845703928333335	N297
652.38217	12.531	1	-0.4525549392166667	N299
844.56813	17.837	1	0.32014901584999994	N301
868.55413	13.413	1	-0.3081644619666668	N302
712.40343	10.697	1	-0.8998487349833334	N303
798.53032	17.335	1	0.18632224909999995	N305
775.59575	18.135	1	-0.3453724853500001	N307
940.54887	19.762	1	0.17117723300000004	N308
844.52746	18.337	1	1.1509225279833333	N310
588.32981	11.634	1	-1.1465618219666665	N311
796.51085	15.14	1	0.1428625008666667	N312
754.5008	15.95	1	0.13309995933333338	N313
738.41887	11.049	1	-0.65590911665	N314
834.47594	12.568	1	-0.6976295795333334	N315
656.37704	11.497	1	-0.6390782432833335	N316
622.33557	11.925	1	-0.3919415548	N317
597.30343	10.076	1	0.7892643154	N318
498.26223	9.226	1	0.47111430823333333	N319
571.28806	9.705	1	0.06686982263333346	N320
808.47564	14.697	1	-1.0290979062666668	N322
564.33066	11.14	1	-0.7724969909666666	N323
397.22621	9.31	1	-0.3599894354	N325
877.50592	14.574	1	-0.8408665849333333	N326
255.23258	12.149	1	0.7272847464166667	N327
892.46338	17.062	1	0.04214993715000004	N328
682.35633	10.357	1	-1.2095858152166667	N329
815.50356	17.785	1	-0.33906166390000003	N330
788.54401	18.114	1	0.48408163881666677	N331
516.33167	10.337	1	0.21141685613333333	N332
877.5226	16.781	1	-0.6027473436833333	N334
590.34549	12.325	1	-0.7002756438166667	N335
920.56132	18.598	1	-0.17128594736666675	N337
578.30891	11.109	1	-0.6398633410666666	N339
694.42888	12.93	1	-0.28776893031666667	N340
748.48965	16.53	1	-0.22065072503333338	N341
620.35584	11.206	1	-0.5619743923833334	N342
744.55424	19.545	1	0.8438233473333334	N343
907.53043	15.646	1	0.45864483474999995	N344
820.51139	15.431	0	-1.2234045917833334	N347
666.60352	19.872	1	0.77089145105	N349
818.55368	16.173	1	-0.1713488222333333	N351
1565.15893	19.741	1	-0.37461793838333335	N352
636.35095	10.75	1	-0.6483555904333334	N353
737.53694	16.784	1	-0.7989824682000002	N355
980.66992	10.651	1	0.07777767560000001	N356
379.1558	9.111	1	0.41537248145000005	N357
648.35077	11.254	1	0.37151895334999996	N359
758.49705	15.572	1	-0.6585960552333334	N362
770.4965	15.415	1	-0.5645526114666666	N364
816.52936	18.378	1	-0.5709389734333333	N365
680.41327	12.499	1	-0.30434885798333333	N366
719.53347	15.642	1	-1.0342934606333334	N368
820.56872	16.687	1	0.06099793933333329	N369
856.50878	17.374	1	0.10101857650000004	N371
973.62615	10.665	1	0.1937920390833334	N373
868.52878	18.046	1	-0.29321427474999995	N374
660.387	12.358	1	-0.6298692060999999	N375
750.52764	18.202	1	-0.16830446005	N377
385.19038	12.147	1	1.1786301613833334	N378
792.52853	18.784	1	-0.04392191096666663	N379
604.46054	14.529	1	-0.35361084381666663	N380
606.34007	10.926	1	-0.5833021599833333	N382
903.55392	16.12	1	0.4842180230333333	N383
876.5584	14.164	1	-0.9197892396999999	N385
1094.73876	10.972	1	0.41316229353333334	N387
754.46514	14.485	1	-0.9190709875	N388
596.35612	12.205	1	-0.2094068720166667	N389
624.35076	10.471	1	-0.5899437622833333	N391
622.37141	12.223	1	-0.38730953383333344	N392
799.54802	17.788	1	0.2762608261666667	N393
630.37655	12.918	1	-0.05083903206666662	N396
530.30211	10.672	1	0.12846075178333333	N397
582.37679	12.474	1	0.047570971350000046	N398
1013.49015	15.805	1	0.006922929116666587	N400
708.40816	12.269	1	-0.4236882576	N401
819.54805	18.825	1	0.39447438005	N403
483.2725	10.188	1	0.18229051296666665	N404
749.57993	17.444	1	-0.7448861302500001	N405
653.46235	12.934	1	0.6485154485833333	N406
701.35026	11.247	1	-0.09766528521666672	N407
934.53231	19.727	1	-0.14991169598333337	N408
840.53043	18.164	1	0.27743410220000003	N409
780.5544	18.707	1	0.6356583517000001	N411
804.51503	15.905	1	-0.9876132263833333	N413
475.26738	6.983	1	0.47686582469999994	N414
746.51019	17.365	1	-0.24524592899999997	N416
759.5174	16.911	1	0.49731484486666666	N417
860.56291	15.596	1	-0.3690823023166667	N418
897.5458	16.111	1	0.31527931843333334	N420
546.28057	10.778	1	1.0249224222666666	N422
496.2678	10.06	1	0.6578451663333333	N424
305.24826	12.369	1	0.5495787939666668	N425
572.48076	17.095	1	0.4565497504666667	N426
722.42374	12.36	1	-0.7462453105000001	N427
479.37339	13.023	1	-0.5717229788833332	N428
630.23528	9.825	1	0.32351549891666664	N431
846.58394	18.066	1	0.013779966999999962	N432
898.55783	17.482	1	1.1630089821166667	N435
927.51832	16.099	1	1.181398870083333	N436
666.39706	11.829	1	-1.0589743508833334	N437
913.57843	17.353	0	1.5358916741166668	N438
559.47229	16.733	1	0.34091383445	N439
749.38645	12.068	1	-0.2201669560333334	N441
594.37673	12.252	1	0.7895297854500001	N442
433.19027	11.67	1	0.34305632416666665	N443
1091.72521	11.981	1	0.33078212563333337	N444
863.56174	17.527	1	0.9796670761333333	N445
672.38685	12.107	1	-0.7873812733333334	N446
678.39718	11.933	1	-1.14983604725	N448
647.45553	12.466	1	0.8417121575833333	N450
880.58985	14.312	1	0.4914005821833334	N451
558.33331	11.982	1	0.3509425711333334	N452
466.2936	10.012	1	0.15333531653333335	N454
843.41338	10.85	1	-0.6617371346166666	N455
599.49971	17.092	1	0.6749913060833332	N456
664.38205	11.136	1	-0.6827567047666667	N457
313.23807	12.416	1	0.3333438376333332	N458
784.47532	13.674	1	-0.42412090943333336	N459
473.28199	11.211	0	1.2203873757666666	N461
724.40306	11.494	1	-0.5943448151833333	N464
592.36099	11.296	1	0.9342597886499999	N465
687.27543	9.221	1	0.3542096206833333	N467
899.52667	15.15	1	-0.11846497273333334	N468
876.55858	13.56	1	-1.0466118085666667	N469
656.31698	10.108	1	0.30597916631666655	N470
900.56014	14.504	1	-0.6067628516333334	N471
760.51132	17.791	1	-0.7685791780833333	N473
664.5876	19.12	1	1.1988455017333335	N474
676.38195	12.091	1	-0.4181681007333334	N475
774.52776	16.215	1	0.2647782202166667	N476
899.56255	17.028	1	0.9544186163833333	N478
700.38179	11.935	1	-0.8145060105166666	N479
658.37108	11.558	1	-0.8831949309166667	N480
595.26129	13.099	1	0.07056708790000003	N482
580.49396	16.37	1	0.06861403321666662	N483
670.39278	12.393	1	-0.1757863146333333	N484
606.37659	12.465	1	0.06554005548333336	N488
839.50399	16.84	1	-0.16365760599999993	N489
932.51662	18.795	1	0.7971728	N493
610.26652	11.504	1	0.6747753326	N494
441.12615	9.113	1	0.31004036093333337	N495
900.55889	13.687	1	-1.0837272894166667	N496
943.50559	16.312	1	0.5172228944833334	N498
754.46499	15.108	0	-1.3778435481	N500
774.50377	16.722	1	0.23737477856666664	N501
935.54587	13.778	1	-0.7462603646	N502
1564.15548	19.746	1	0.3471645500166667	N503
313.16391	9.111	1	0.4111596723666667	N504
506.32448	11.675	1	0.5948799881	N505
337.20518	10.115	1	-0.18903507168333342	N509
690.39738	11.433	1	-0.9296792225333332	N510
728.52257	17.818	1	0.4400939216666668	N511
682.39262	11.746	1	-0.8248648968	N512
725.38451	11.618	1	-0.66711776835	N513
478.29378	9.657	1	0.38960848795	N515
956.51616	18.377	1	-0.45015784321666663	N516
836.56367	14.423	1	-0.38003336248333336	N522
450.26229	9.431	1	0.2964322342	N523
842.51688	14.321	1	-0.93308662315	N524
750.50697	16.859	1	0.9028708534666667	N525
1452.85858	16.094	1	0.7538077170999998	N526
692.41342	13.221	1	-0.3959702535833333	N527
838.59437	19.498	1	0.6081942784166665	N528
804.47846	16.609	1	0.5472297717000001	N529
792.5558	18.466	1	1.0147104949	N530
717.47011	15.732	1	-0.11446589314999996	N531
462.37073	14.642	1	-0.013318503433333323	N532
980.51597	18.161	1	0.24290702368333328	N533
894.47905	17.452	0	1.4302668601666666	N534
494.32474	11.634	1	0.16166077156666658	N535
467.2994	13.107	1	-0.1320430609833333	N536
327.17958	9.787	1	0.4560469783833334	N537
608.31973	11.742	1	-0.11990685000000001	N538
762.5299	18.034	1	-0.20485746883333333	N539
692.41231	12.314	1	-0.47460318188333334	N541
760.43929	12.4	1	-0.83850088235	N542
935.54875	13.219	1	-1.0139444594166667	N545
828.47865	16.449	1	0.6411988036999999	N546
628.36108	12.23	1	-0.3908981127	N547
574.31358	11.993	1	-0.55644892165	N548
696.37192	11.224	1	-0.5843379711333333	N549
602.48117	15.618	1	0.1239242614333333	N550
680.31704	10.167	1	0.3157518135666667	N551
582.23547	10.282	1	-0.015026547366666643	N552
812.57966	19.471	1	1.14250209775	N553
522.2836	10.382	1	-0.16656663666666666	N555
695.33966	10.676	1	-0.3370476610999999	N556
667.30667	10.813	1	0.7959964759833335	N558
786.52777	17.931	1	-0.2866502711833333	N561
594.28084	10.255	1	0.10451360830000002	N562
327.23232	9.895	1	0.2644439256833333	N564
457.19024	11.676	1	0.38651826896666663	N565
526.35077	11.207	1	-0.33846409600000005	N567
596.29627	10.768	1	0.1451892185333334	N568
868.46372	17.238	0	1.3914756602333336	N569
686.47553	16.126	1	0.27954737308333333	N570
823.5479	17.395	1	0.37415266036666667	N571
441.25241	9.498	1	-0.44886689481666664	N572
961.62525	11.503	1	0.4740861134833334	N573
706.39228	11.633	1	-0.7163844178166666	N576
763.55965	16.167	1	-0.7674038389333333	N577
568.32588	11.087	1	0.2476051212499999	N580
804.50217	14.071	1	-0.3790279341	N581
762.41851	11.915	1	-0.7431409923833332	N582
878.57297	13.612	1	-0.37973419045000006	N584
530.32446	10.643	1	0.9914245641333332	N586
694.63455	20.691	1	0.27858900568333334	N587
333.1354	8.03	1	-0.48289102455000005	N588
784.51001	18.084	1	0.4726588026833333	N589
654.23538	9.899	1	0.23489997585000005	N590
814.55903	18.358	0	1.3908287108	N591
738.41884	11.807	1	-1.2192222505166666	N592
568.49399	16.596	1	-0.19058323794999998	N593
769.37575	11.262	1	-0.5056674128	N594
782.53122	17.091	1	-0.14120599511666662	N595
536.50415	17.098	1	0.2073555741666666	N600
892.52944	17.909	1	0.46132462718333334	N601
395.21983	11.674	1	0.4030286742833333	N602
660.35073	11.397	1	-0.8326223023000001	N603
590.30919	11.133	1	-0.3206637268666666	N605
632.31712	10.069	1	0.9191212998	N606
816.53735	14.657	1	-0.13750757259999996	N607
730.46534	14.746	1	-0.5935341307166666	N609
900.57288	18.016	0	1.41678572585	N610
818.54458	19.23	0	1.3795147446666665	N613
560.43426	14.34	1	-0.41230297944999994	N614
566.24931	9.516	1	0.58704403345	N616
670.28794	10.679	1	0.22347520546666672	N618
716.41323	12.757	1	-0.6774219298666667	N619
678.39776	12.942	1	-0.8845683887166667	N620
1551.21505	19.103	1	-0.6641408987166666	N622
1561.12783	18.794	1	0.017445428866666612	N623
383.17471	11.19	1	1.0395857537	N624
1167.69896	14.724	1	-0.06723144478333334	N627
813.48866	16.522	1	0.35145757395	N628
507.27215	9.726	1	-0.08827253273333327	N629
816.53711	14.056	1	-0.7999660344666666	N630
838.55881	18.08	1	-0.003302166066666685	N631
552.36628	11.545	1	-0.4286348506833333	N633
712.40357	11.322	1	-1.1714348872	N636
385.31382	15.654	0	1.30939818675	N638
1083.49353	16.298	1	0.5772873948666667	N640
702.39748	12.609	1	-0.06243628416666671	N641
764.54475	18.921	1	-0.65099337485	N642
748.40287	11.729	1	-0.9831822150833333	N646
594.30485	10.726	1	0.019951941433333342	N647
692.37697	11.671	1	-0.8301420259833334	N650
1657.12834	18.144	1	0.4823824080666667	N651
596.39241	13.277	1	0.95088860135	N652
905.56317	10.321	1	-0.3372018456333333	N655
870.5831	18.066	1	-0.46407759818333333	N656
686.36603	11.666	1	-0.9306024915333333	N657
381.23123	10.386	1	-0.29306040188333327	N659
764.55255	16.793	1	-0.68490064745	N662
1370.78005	14.46	1	-0.26681604380000007	N664
821.40749	11.793	1	-0.3360091729833333	N666
858.5238	18.091	1	0.4550520263166667	N667
407.18703	10.435	1	0.2682059395833334	N669
616.36098	11.248	1	0.08777165688333338	N671
683.33913	11.227	1	0.5298906051833334	N672
684.40892	12.737	1	-0.4011057436	N677
938.53321	18.796	1	0.7034995354	N680
843.54818	18.408	1	-0.24323986961666666	N682
698.319	11.986	1	0.6090421313666666	N687
627.49802	16.427	0	1.4093534784333335	N688
987.47454	15.588	1	0.33717953781666665	N689
466.29363	10.916	1	0.31610969710000003	N691
648.35116	12.256	1	-0.4598196442500001	N695
349.23553	12.469	1	0.8672878795166665	N696
413.22154	13.406	1	0.7669657138333335	N699
678.60326	19.555	1	0.5054491402333333	N700
678.36145	11.606	1	-0.7362997932166667	N701
898.48063	17.065	1	0.030742947583333374	N702
255.23263	10.449	1	-0.08995663333333333	N703
688.38195	12.608	1	-0.2686841290333334	N704
525.37903	13.029	1	-0.04698301558333334	N705
494.36083	13.038	1	-0.20385710391666662	N706
708.44495	13.727	1	0.46497490255000007	N707
674.36635	11.522	1	-0.7999961047833335	N708
1426.84278	16.023	1	0.17037344064999993	N712
784.47543	14.471	1	-0.0954707350833333	N713
556.31738	10.848	1	1.0305655197166665	N715
585.48544	12.47	1	0.7554994159	N717
1103.65091	10.677	1	0.015004981966666595	N719
622.33492	10.929	1	0.18062443816666654	N720
563.50376	12.465	1	0.13175996164999998	N721
962.533	18.385	1	-0.4496292571666667	N722
929.5326	16.184	0	1.3084269865166667	N724
604.361	11.613	1	-1.1398428577	N725
253.21686	11.195	1	0.77594413155	N730
1527.02778	17.071	1	-0.1187550590666666	N731
862.55611	17.986	1	0.2394901140333333	N735
388.2523	10.192	1	-0.39306737996666663	N737
371.21984	11.671	1	0.3414266295499999	N738
794.56961	19.172	1	0.62615009545	N739
557.31972	10.682	1	0.14307815463333334	N750
1526.02435	17.068	1	0.10407199715000003	N752
751.36518	11.59	1	0.10392532291666672	N754
788.54369	19.193	1	0.4912938775833333	N757
1582.1869	19.153	1	0.5255438317666667	N761
632.35592	12.369	1	0.66459001475	N762
283.26397	11.61	1	0.51251051575	N765
680.61898	20.308	1	-0.13135518103333335	N767
690.60324	19.332	1	-0.2842768540666667	N768
845.56397	19.311	0	1.3788446318666667	N769
778.5373	17.893	1	0.36159181276666663	N771
604.28558	10.885	1	-0.3625074978166667	N773
1560.12407	18.784	1	0.6520600992333333	N774
867.54713	18.164	1	0.35924424075	N775
570.28133	10.362	1	0.6573247101333333	N776
595.42433	12.146	1	0.8690375725666666	N777
801.53769	16.235	1	-0.5177828789833333	N778
944.56116	18.303	1	1.1374926484999999	N779
557.45665	16.122	1	-0.2095602589	N782
646.333	12.204	1	0.19106012948333329	N783
604.32506	11.399	1	-0.3072685533166667	N784
616.28367	11.503	1	0.6633337602	N787
704.33626	11.98	1	0.8415825061833333	N789
696.30362	10.856	1	1.01852508885	N790
602.44502	14.47	1	-0.2815520363	N791
1609.12718	18.363	1	0.07389118476666667	N792
846.5453	19.581	1	-0.19320342163333332	N793
636.25234	9.824	1	0.2656519573833333	N794
577.27526	10.359	1	0.09128672799999993	N798
552.33008	10.287	1	0.9096725508666668	N800
706.42833	12.873	1	0.06558960544999998	N803
590.34553	11.425	1	-0.9910153474666668	N804
419.3525	13.024	1	-0.23509422611666667	N807
297.24332	9.641	1	0.32128431393333334	N808
730.54658	15.412	1	-0.014542290816666647	N814
504.30947	10.837	1	1.0534487960333334	N815
283.26384	13.41	1	0.7140784602333334	N816
669.32447	10.351	1	-0.38593602154999995	N818
597.48414	16.372	1	-0.39797675481666667	N820
692.33859	11.268	1	-0.28737312595	N821
578.30166	10.104	1	0.3529363994333333	N825
409.19028	11.685	1	0.6698597471666667	N832
986.53303	18.161	1	-0.013151721766666624	N833
464.31412	12.002	1	-0.22115525336666667	N837
676.30485	10.692	1	0.056940827649999914	N840
765.34311	11.393	1	-0.027026360166666707	N843
281.24837	10.693	1	0.7493425725	N844
297.24319	10.942	0	1.3447287717333332	N849
883.7052	12.47	1	0.06464550496666657	N851
750.54406	18.645	1	0.6134772676166667	N852
896.49529	18.314	0	1.2759888585666666	N854
945.50877	16.791	1	-0.45446198506666674	N855
469.15746	10.43	1	0.4247118508666667	N859
592.36122	12.284	1	-0.6601790357333333	N867
466.32981	11.852	1	-0.02581303745000001	N870
722.46151	14.172	1	0.9148396325333332	N871
309.27947	13.636	1	0.6206113184500001	N874
789.41774	12.761	1	-1.0635225712166667	N877
554.47824	16.087	1	-1.2132364461	N879
439.23713	13.639	1	0.9908490795	N883
918.47883	17.271	1	0.09000433453333331	N884
638.57191	19.042	1	0.85028205945	N887
319.22773	9.668	1	0.5410434138666668	N889
588.25252	10.321	1	-0.12614331038333332	N890
511.30366	11.406	1	-0.09182157179999997	N891
1608.12382	18.358	1	-0.13356532746666666	N892
1581.18334	19.149	1	0.1386603603666667	N893
537.23771	6.918	1	0.6003914769166667	N897
720.44444	13.352	1	0.6441117775666667	N899
242.17625	5.302	1	-0.8088795323	N901
629.51408	16.497	1	0.7414267444	N903
788.4343	12.391	0	-1.4750506543666666	N904
960.45118	17.066	1	-0.11080431730000002	N905
1656.12505	18.145	1	0.48854361816666664	N906
664.41705	12.161	1	0.07301104851666665	N907
630.33981	11.578	1	-0.5009765594333333	N908
585.48421	16.595	1	-0.025335139133333434	N910
315.25386	8.778	0	1.5967600438833331	N912
279.23257	11.677	1	0.41057862698333325	N916
765.38049	11.732	1	-0.06797060421666659	N918
673.50366	16.424	1	1.1581009629833334	N919
558.23614	9.825	1	0.3685178071333333	N921
685.3549	11.077	1	0.46711338851666667	N923
479.19334	12.47	1	1.0975642778333332	N926
900.49648	17.422	0	1.3897839237	N933
626.36655	11.062	1	-0.4341705552000001	N936
616.36101	12.656	0	-1.2673572441333334	N938
874.4803	17.24	0	1.3536021860833334	N943
646.37141	12.529	1	0.17269794104999997	N947
425.25743	10.582	1	-0.3695133258333334	N949
435.20589	12.352	1	0.9154594795833333	N952
970.52399	16.343	1	0.7787618871166666	N953
91.00349	9.22	1	0.3126924809666667	N955
715.44301	12.466	1	0.7672733394	N958
508.3402	12.621	1	0.7862839414166667	N966
698.55658	15.87	1	0.27597089618333337	N968
630.30158	11.214	1	-0.5803414493000001	N974
698.22305	9.824	1	0.36372716274999994	N977
993.49128	15.584	1	0.007610044999999996	N982
1556.17105	18.974	1	-0.40393309053333337	N989
437.2669	11.275	1	0.5085522784333334	N995
583.33526	10.859	1	1.1798471519666667	N997
670.40815	13.739	1	-0.6823132008666666	N998
702.50688	17.619	1	0.9831309967833333	N1004
658.33313	10.633	1	1.2042377123333334	N1006
828.65231	18.742	1	0.7995374975166667	N1007
812.54842	15.869	1	0.19095387836666672	N1008
362.23665	9.827	1	-0.01716268455000003	N1011
401.29029	11.818	1	0.18491615638333336	N1016
718.28796	10.106	1	0.2947611034166667	N1019
673.39191	14.413	1	0.5196839777500001	N1025
1501.15179	17.017	1	0.5950026597666668	N1030
608.25172	10.861	1	1.0627182156333332	N1039
906.50027	18.328	1	1.0696561101166666	N1048
1555.16737	18.977	1	0.060002565599999974	N1049
644.31748	11.496	1	-0.18315591919999993	N1051
702.31999	10.845	1	1.0574298053666666	N1052
1558.10754	18.338	1	1.1632893157	N1053
621.39922	11.778	1	0.9346128906666666	N1057
1151.70419	14.763	1	0.6336644565666667	N1064
538.26747	11.504	1	0.9425899413333334	N1065
541.16363	12.477	1	1.2113454449666667	N1070
1559.11056	18.336	1	1.1517483261833334	N1071
570.46513	16.377	1	0.33166706998333334	N1072
528.27268	10.282	1	0.20882605825	N1073
515.14807	12.139	0	1.3474790701666666	N1078
738.27556	10.69	1	0.5018273967666667	N1081
323.22	12.145	0	1.3749802265	N1089
417.22297	12.468	1	0.9765408883833333	N1091
766.30643	11.985	1	1.0504663702	N1094
453.17781	12.145	0	1.3338898404	N1095
678.25399	11.505	1	0.8702002072333332	N1096
1500.1485	17.019	1	0.3736680684499999	N1097
1478.02362	17.238	1	1.1745655972666667	N1098
510.23639	10.32	1	0.023123017950000005	N1099
533.45443	12.143	1	1.0402206908333334	N1102
447.13414	6.86	1	0.3864213797333334	N1110
536.22978	10.324	1	-0.3566141180833333	N1111
729.27733	10.816	1	0.7023494197666666	N1112
558.46461	16.597	1	0.3502075167333334	N1122
534.48846	16.373	1	0.17902312998333328	N1130
650.22284	10.319	1	-0.02159888943333335	N1132
647.47649	16.93	0	1.2878199489333333	N1136
353.23329	6.326	1	-0.3834060981166667	N1140
653.47282	12.464	1	0.8116804708833333	N1144
724.30397	10.212	1	0.2089424751666667	N1146
584.35631	10.677	1	0.5190754460333332	N1149
547.18068	12.464	1	1.0885722690000001	N1157
663.41157	12.143	1	1.04001227135	N1163
518.24969	9.982	1	0.6164006198833332	N1165
